{
	"blue" : 0.537254901960784,
	"green" : 0.517647058823529,
	"red" : 0.035294117647059,
	"tolerance" : 544.397672751996993
}
