{
	"blue" : 0.498039215686275,
	"green" : 0.470588235294118,
	"red" : 0.752941176470588,
	"tolerance" : 540.426688040456497
}
