{
	"blue" : 0.058823529411765,
	"green" : 0.058823529411765,
	"red" : 0.058823529411765,
	"tolerance" : 540.426688040456497
}
