{
	"pattrstorage" : 	{
		"name" : "aaf.liveArpeggiator~",
		"slots" : 		{
			"1" : 			{
				"id" : 1,
				"data" : 				{
					"arpeggiator" : [ 1 ],
					"buffer_size" : [ 2.6 ],
					"keyboard" : [ 48, 27, 55, 25, 60, 25, 67, 30, 72, 25 ],
					"live.gain~[1]" : [  ],
					"rate" : [ 0.5 ]
				}

			}
,
			"2" : 			{
				"id" : 2,
				"data" : 				{
					"arpeggiator" : [ 1 ],
					"buffer_size" : [ 2.6 ],
					"keyboard" : [ 60, 23, 62, 20, 64, 18, 65, 13, 67, 13, 69, 11, 71, 13 ],
					"live.gain~[1]" : [  ],
					"rate" : [ 0.1 ]
				}

			}
,
			"3" : 			{
				"id" : 3,
				"data" : 				{
					"arpeggiator" : [ 1 ],
					"buffer_size" : [ 2.6 ],
					"keyboard" : [ 51, 25, 54, 29, 56, 38, 58, 46, 61, 34, 63, 38, 66, 29, 68, 29, 70, 34 ],
					"live.gain~[1]" : [  ],
					"rate" : [ 1.5 ]
				}

			}
,
			"4" : 			{
				"id" : 4,
				"data" : 				{
					"arpeggiator" : [ 1 ],
					"buffer_size" : [ 10.0 ],
					"keyboard" : [ 36, 21, 37, 46, 38, 35, 39, 25, 40, 31, 41, 33, 42, 16, 43, 23, 44, 33, 45, 11, 46, 29, 47, 33, 48, 14, 55, 19, 60, 31, 65, 33 ],
					"live.gain~[1]" : [ -32.760882956719762 ],
					"rate" : [ 0.213 ]
				}

			}
,
			"5" : 			{
				"id" : 5,
				"data" : 				{
					"arpeggiator" : [ 1 ],
					"buffer_size" : [ 10.0 ],
					"keyboard" : [ 50, 16, 57, 16, 64, 21, 65, 33, 69, 38, 70, 38, 75, 21, 76, 31, 80, 16, 81, 26 ],
					"live.gain~[1]" : [ -32.760882956719762 ],
					"rate" : [ 0.63 ]
				}

			}
,
			"6" : 			{
				"id" : 6,
				"data" : 				{
					"arpeggiator" : [ 1 ],
					"buffer_size" : [ 30.0 ],
					"keyboard" : [ 36, 16, 38, 16, 40, 14, 43, 23, 45, 26, 48, 28, 50, 28, 52, 28, 55, 31, 57, 31, 60, 31, 62, 31, 64, 28, 67, 23, 69, 23, 72, 23, 74, 23, 76, 16, 79, 21, 81, 23 ],
					"live.gain~[1]" : [ -17.983633005525732 ],
					"rate" : [ 0.1 ]
				}

			}

		}

	}

}
